п»ї0,1,2,3,4,5,6,7,8,9,10,11,12,13,14,15,16,17,18,19,20,21,22,23,24,25,26,27,28,29,30,31
пѕѓпЅ±пЅ°пѕЊпЅЎпЅ§m,,,,,,,,,,,,,,,,,,,,,,,,,,,,,,,
пЅЎпЅЎ,1пѕ†пїЅ,2пѕ†пїЅ,3пѕ†пїЅ,4пѕ†пїЅ,5пѕ†пїЅ,6пѕ†пїЅ,7пѕ†пїЅ,8пѕ†пїЅ,9пѕ†пїЅ,10пѕ†пїЅ,11пѕ†пїЅ,12пѕ†пїЅ,13пѕ†пїЅ,14пѕ†пїЅ,15пѕ†пїЅ,16пѕ†пїЅ,17пѕ†пїЅ,18пѕ†пїЅ,19пѕ†пїЅ,20пѕ†пїЅ,21пѕ†пїЅ,22пѕ†пїЅ,23пѕ†пїЅ,24пѕ†пїЅ,25пѕ†пїЅ,26пѕ†пїЅ,27пѕ†пїЅ,28пѕ†пїЅ,29пѕ†пїЅ,30пѕ†пїЅ,31пѕ†пїЅ
1пЅ·пїЅ,пЅЎпѕќ,пЅЎпѕќ,пЅЎпѕќ,пЅЎпѕќ,пЅЎпѕќ,пЅЎпѕќ,пЅЎпѕќ,пЅЎпѕќ,пЅЎпѕќ,пЅЎпѕќ,пЅЎпѕќ,пЅЎпѕќ,пЅЎпѕќ,пЅЎпѕќ,пЅЎпѕќ,пЅЎпѕќ,пЅЎпѕќ,пЅЎпѕќ,пЅЎпѕќ,пЅЎпѕќ,пЅЎпѕќ,пЅЎпѕќ,пЅЎпѕќ,пЅЎпѕќ,пЅЎпѕќ,пЅЎпѕќ,пЅЎпѕќ,пЅЎпѕќ,пЅЎпѕќ,пЅЎпѕќ,пЅЎпѕќ
2пЅ·пїЅ,пЅЎпѕќ,пЅЎпѕќ,пЅЎпѕќ,пЅЎпѕќ,пЅЎпѕќ,пЅЎпѕќ,пЅЎпѕќ,пЅЎпѕќ,пЅЎпѕќ,пЅЎпѕќ,пЅЎпѕќ,пЅЎпѕќ,пЅЎпѕќ,пЅЎпѕќ,пЅЎпѕќ,пЅЎпѕќ,пЅЎпѕќ,пЅЎпѕќ,пЅЎпѕќ,пЅЎпѕќ,пЅЎпѕќ,пЅЎпѕќ,пЅЎпѕќ,пЅЎпѕќ,пЅЎпѕќ,пЅЎпѕќ,пЅЎпѕќ,пЅЎпѕќ,,,
3пЅ·пїЅ,пЅЎпѕќ,пЅЎпѕќ,пЅЎпѕќ,пЅЎпѕќ,пЅЎпѕќ,пЅЎпѕќ,пЅЎпѕќ,пЅЎпѕќ,пЅЎпѕќ,пЅЎпѕќ,пЅЎпѕќ,пЅЎпѕќ,пЅЎпѕќ,пЅЎпѕќ,пЅЎпѕќ,пЅЎпѕќ,пЅЎпѕќ,пЅЎпѕќ,пЅЎпѕќ,пЅЎпѕќ,пЅЎпѕќ,пЅЎпѕќ,пЅЎпѕќ,пЅЎпѕќ,пЅЎпѕќ,пЅЎпѕќ,пЅЎпѕќ,пЅЎпѕќ,пЅЎпѕќ,пЅЎпѕќ,пЅЎпѕќ
4пЅ·пїЅ,пЅЎпѕќ,пЅЎпѕќ,пЅЎпѕќ,пЅЎпѕќ,пЅЎпѕќ,пЅЎпѕќ,пЅЎпѕќ,пЅЎпѕќ,пЅЎпѕќ,пЅЎпѕќ,пЅЎпѕќ,пЅЎпѕќ,пЅЎпѕќ,пЅЎпѕќ,пЅЎпѕќ,пЅЎпѕќ,пЅЎпѕќ,пЅЎпѕќ,пЅЎпѕќ,пЅЎпѕќ,пЅЎпѕќ,пЅЎпѕќ,пЅЎпѕќ,пЅЎпѕќ,пЅЎпѕќ,пЅЎпѕќ,пЅЎпѕќ,пЅЎпѕќ,пЅЎпѕќ,пЅЎпѕќ,
5пЅ·пїЅ,пЅЎпѕќ,пЅЎпѕќ,пЅЎпѕќ,пЅЎпѕќ,пЅЎпѕќ,пЅЎпѕќ,пЅЎпѕќ,пЅЎпѕќ,пЅЎпѕќ,пЅЎпѕќ,пЅЎпѕќ,пЅЎпѕќ,пЅЎпѕќ,пЅЎпѕќ,пЅЎпѕќ,пЅЎпѕќ,пЅЎпѕќ,пЅЎпѕќ,пЅЎпѕќ,пЅЎпѕќ,пЅЎпѕќ,пЅЎпѕќ,пЅЎпѕќ,пЅЎпѕќ,пЅЎпѕќ,пЅЎпѕќ,пЅЎпѕќ,пЅЎпѕќ,пЅЎпѕќ,пЅЎпѕќ,пЅЎпѕќ
6пЅ·пїЅ,пЅЎпѕќ,пЅЎпѕќ,пЅЎпѕќ,пЅЎпѕќ,пЅЎпѕќ,пЅЎпѕќ,пЅЎпѕќ,пЅЎпѕќ,пЅЎпѕќ,пЅЎпѕќ,пЅЎпѕќ,пЅЎпѕќ,пЅЎпѕќ,пЅЎпѕќ,пЅЎпѕќ,пЅЎпѕќ,пЅЎпѕќ,пЅЎпѕќ,пЅЎпѕќ,пЅЎпѕќ,пЅЎпѕќ,пЅЎпѕќ,пЅЎпѕќ,пЅЎпѕќ,пЅЎпѕќ,пЅЎпѕќ,пЅЎпѕќ,пЅЎпѕќ,пЅЎпѕќ,пЅЎпѕќ,
7пЅ·пїЅ,-1.05,-1.16,-1.20,-1.39,-1.44,-1.43,-1.49,-1.16,-1.06,-1.17,-1.23,-1.27,-1.29,-1.38,-1.25,-1.23,-1.32,-1.37,-0.96,-0.70,-0.88,-1.00,-1.03,-1.12,-1.20,-1.26,-1.34,-1.44,-1.51,-1.53,-1.55
8пЅ·пїЅ,-1.56,-1.57,-1.59,-1.59,-1.59,-1.56,-1.59,-1.58,-1.59,-1.52,-1.53,-1.38,-1.21,-1.24,-1.08,-1.18,-1.24,-1.30,-1.25,-1.17,-1.17,-1.28,-1.34,-1.36,-1.40,-1.54,-1.57,-1.59,-1.62,-1.63,-1.59
9пЅ·пїЅ,-1.59,-1.60,-1.60,-1.47,-0.98,-0.67,-0.86,-0.96,-0.57,-0.82,-0.91,-0.96,-0.90,-0.92,-0.94,-0.94,-0.96,-0.97,-1.01,-1.05,-1.05,-1.08,-1.15,-1.17,-1.16,-1.16,-1.03,-0.93,-0.98,-1.03,пЅЎпЅЎ
10пЅ·пїЅ,-1.04,-1.09,-1.13,-1.14,-1.16,-1.13,-1.14,-1.15,-1.14,-1.10,-1.11,-1.14,-1.15,-1.17,-1.12,-1.12,-1.16,-1.17,-1.18,-1.19,-1.19,-1.18,-1.19,-1.21,-1.21,-1.20,-1.22,-1.23,-1.23,-1.24,-1.24
11пЅ·пїЅ,-1.23,-1.23,-1.24,-1.24,-1.23,-1.24,-1.14,-1.20,-1.23,-1.22,-1.23,-1.24,-1.24,-1.25,-1.26,-1.26,-1.17,-1.14,-1.15,-1.12,-1.12,-1.16,-1.19,-1.19,-1.16,-1.18,-1.19,-1.19,-1.10,-1.06,пЅЎпЅЎ
12пЅ·пїЅ,-1.09,-1.12,-1.14,-1.15,-1.16,-1.15,-1.14,-1.05,-1.06,-1.08,-1.08,-1.00,-1.03,-1.05,-1.04,-0.88,-0.93,-0.97,-0.97,-0.98,-0.99,-1.02,-1.10,-1.11,-1.12,-1.12,-1.11,-1.13,-1.15,-1.15,-1.15
